{
  "BlueShelf": {
    "firstFloor": true,
    "secondFloor": true
  },
  "GreenShelf": {
    "firstFloor": false,
    "secondFloor": false
  },
  "RedShelf": {
    "firstFloor": true,
    "secondFloor": true
  },
  "color": {
    "Blue": {
      "count": 50
    },
    "Green": {
      "count": 84
    },
    "Red": {
      "count": 95
    },
    "detected": "null",
    "last_count": 0,
    "placed_color": "null",
    "selected_floor": "secondFloor"
  },
  "orders": {
    "item_1": {
      "action": "Retrieve",
      "placed_color": "Blue",
      "selected_floor": "secondFloor",
      "timestamp": "2025-02-15 09:19:16"
    },
    "item_10": {
      "action": "Retrieve",
      "placed_color": "Red",
      "selected_floor": "firstFloor",
      "timestamp": "2025-02-15 12:48:48"
    },
    "item_11": {
      "action": "Retrieve",
      "placed_color": "Green",
      "selected_floor": "secondFloor",
      "timestamp": "2025-02-15 13:37:53"
    },
    "item_12": {
      "action": "Retrieve",
      "placed_color": "Blue",
      "selected_floor": "secondFloor",
      "timestamp": "2025-02-15 13:47:16"
    },
    "item_13": {
      "action": "Retrieve",
      "placed_color": "Blue",
      "selected_floor": "secondFloor",
      "timestamp": "2025-02-15 13:55:12"
    },
    "item_14": {
      "action": "Retrieve",
      "placed_color": "Blue",
      "selected_floor": "secondFloor",
      "timestamp": "2025-02-15 14:00:29"
    },
    "item_15": {
      "action": "Retrieve",
      "placed_color": "Blue",
      "selected_floor": "firstFloor",
      "timestamp": "2025-02-15 14:19:21"
    },
    "item_16": {
      "action": "Retrieve",
      "placed_color": "Blue",
      "selected_floor": "secondFloor",
      "timestamp": "2025-02-17 19:27:42"
    },
    "item_17": {
      "action": "Retrieve",
      "placed_color": "Blue",
      "selected_floor": "secondFloor",
      "timestamp": "2025-02-17 19:30:19"
    },
    "item_18": {
      "action": "Retrieve",
      "placed_color": "Blue",
      "selected_floor": "firstFloor",
      "timestamp": "2025-02-17 19:33:39"
    },
    "item_19": {
      "action": "Retrieve",
      "placed_color": "Blue",
      "selected_floor": "secondFloor",
      "timestamp": "2025-02-17 21:01:39"
    },
    "item_2": {
      "action": "Retrieve",
      "placed_color": "Blue",
      "selected_floor": "secondFloor",
      "timestamp": "2025-02-15 09:39:57"
    },
    "item_20": {
      "action": "Retrieve",
      "placed_color": "Blue",
      "selected_floor": "secondFloor",
      "timestamp": "2025-02-17 21:04:21"
    },
    "item_21": {
      "action": "Retrieve",
      "placed_color": "Blue",
      "selected_floor": "secondFloor",
      "timestamp": "2025-02-17 22:47:08"
    },
    "item_22": {
      "action": "Retrieve",
      "placed_color": "Blue",
      "selected_floor": "secondFloor",
      "timestamp": "2025-02-17 22:47:10"
    },
    "item_23": {
      "action": "Retrieve",
      "placed_color": "Blue",
      "selected_floor": "secondFloor",
      "timestamp": "2025-02-17 22:50:47"
    },
    "item_24": {
      "action": "Retrieve",
      "placed_color": "Blue",
      "selected_floor": "firstFloor",
      "timestamp": "2025-02-19 15:06:25"
    },
    "item_25": {
      "action": "Retrieve",
      "placed_color": "Green",
      "selected_floor": "secondFloor",
      "timestamp": "2025-02-27 10:53:28"
    },
    "item_26": {
      "action": "Retrieve",
      "placed_color": "Blue",
      "selected_floor": "firstFloor",
      "timestamp": "2025-03-05 14:08:54"
    },
    "item_27": {
      "action": "Retrieve",
      "placed_color": "Green",
      "selected_floor": "firstFloor",
      "timestamp": "2025-03-05 14:14:34"
    },
    "item_28": {
      "action": "Retrieve",
      "placed_color": "Green",
      "selected_floor": "firstFloor",
      "timestamp": "2025-03-05 14:14:36"
    },
    "item_29": {
      "action": "Retrieve",
      "placed_color": "Green",
      "selected_floor": "firstFloor",
      "timestamp": "2025-03-05 14:16:07"
    },
    "item_3": {
      "action": "Retrieve",
      "placed_color": "Red",
      "selected_floor": "firstFloor",
      "timestamp": "2025-02-15 09:44:30"
    },
    "item_30": {
      "action": "Retrieve",
      "placed_color": "Green",
      "selected_floor": "firstFloor",
      "timestamp": "2025-03-05 14:35:36"
    },
    "item_31": {
      "action": "Retrieve",
      "placed_color": "Blue",
      "selected_floor": "firstFloor",
      "timestamp": "2025-03-05 14:38:02"
    },
    "item_32": {
      "action": "Retrieve",
      "placed_color": "Green",
      "selected_floor": "firstFloor",
      "timestamp": "2025-03-12 11:54:41"
    },
    "item_33": {
      "action": "Retrieve",
      "placed_color": "Green",
      "selected_floor": "secondFloor",
      "timestamp": "2025-03-12 11:57:24"
    },
    "item_34": {
      "action": "Retrieve",
      "placed_color": "Green",
      "selected_floor": "firstFloor",
      "timestamp": "2025-03-17 10:43:23"
    },
    "item_35": {
      "action": "Retrieve",
      "placed_color": "Green",
      "selected_floor": "firstFloor",
      "timestamp": "2025-03-18 15:36:07"
    },
    "item_36": {
      "action": "Retrieve",
      "placed_color": "Green",
      "selected_floor": "secondFloor",
      "timestamp": "2025-03-19 10:02:29"
    },
    "item_37": {
      "action": "Retrieve",
      "placed_color": "Green",
      "selected_floor": "secondFloor",
      "timestamp": "2025-03-19 10:02:54"
    },
    "item_38": {
      "action": "Retrieve",
      "placed_color": "Green",
      "selected_floor": "firstFloor",
      "timestamp": "2025-03-19 10:03:33"
    },
    "item_39": {
      "action": "Retrieve",
      "placed_color": "Green",
      "selected_floor": "secondFloor",
      "timestamp": "2025-03-19 11:10:29"
    },
    "item_4": {
      "action": "Retrieve",
      "placed_color": "Green",
      "selected_floor": "firstFloor",
      "timestamp": "2025-02-15 09:47:16"
    },
    "item_40": {
      "action": "Retrieve",
      "placed_color": "Green",
      "selected_floor": "secondFloor",
      "timestamp": "2025-03-19 11:12:24"
    },
    "item_41": {
      "action": "Retrieve",
      "placed_color": "Green",
      "selected_floor": "secondFloor",
      "timestamp": "2025-03-19 11:13:50"
    },
    "item_5": {
      "action": "Retrieve",
      "placed_color": "Red",
      "selected_floor": "firstFloor",
      "timestamp": "2025-02-15 10:00:17"
    },
    "item_6": {
      "action": "Retrieve",
      "placed_color": "Red",
      "selected_floor": "firstFloor",
      "timestamp": "2025-02-15 10:13:30"
    },
    "item_7": {
      "action": "Retrieve",
      "placed_color": "Red",
      "selected_floor": "firstFloor",
      "timestamp": "2025-02-15 10:18:23"
    },
    "item_8": {
      "action": "Retrieve",
      "placed_color": "Green",
      "selected_floor": "firstFloor",
      "timestamp": "2025-02-15 10:19:14"
    },
    "item_9": {
      "action": "Retrieve",
      "placed_color": "Red",
      "selected_floor": "firstFloor",
      "timestamp": "2025-02-15 11:51:09"
    }
  },
  "received_item": "true",
  "shelf": {
    "firstFloor": true,
    "secondFloor": false
  },
  "ultrasonic": {
    "distance": 11.713
  }
}